﻿<?xml version="1.0" encoding="utf-8"?><package name="MrKrayler_pack2" version="4" id="1ff13dac-b89a-4396-87e5-752e84d1183f" date="18.07.2021" difficulty="5" xmlns="http://vladimirkhil.com/ygpackage3.0.xsd"><info><authors><author>YouTube MrKrayler</author></authors></info><rounds><round name="1-й раунд"><themes><theme name="Дурацкие вопросы"><questions><question price="100"><scenario><atom>Чем обычно едят суп?</atom></scenario><right><answer>Ложка</answer></right></question><question price="200"><scenario><atom>На горе стоит статуя, у статуи нет?</atom></scenario><right><answer>Глаза</answer></right></question><question price="300"><scenario><atom>Зимой и летом одним цветом</atom></scenario><right><answer>Ёлка</answer></right></question><question price="400"><scenario><atom>Сахар на украинсоком</atom></scenario><right><answer>цукер, цукор</answer></right></question><question price="500"><type name="cat"><param name="theme">Фильм</param><param name="cost">3000</param></type><scenario><atom>Стоп-слово из фильма Евротур</atom></scenario><right><answer>fluggegecheimen</answer></right></question><question price="600"><scenario><atom>Как будет шалаш наоборот?</atom></scenario><right><answer>шалаш</answer></right></question><question price="700"><scenario><atom>Если сравнить Тур ду Франс с ралли, где скорость больше?</atom></scenario><right><answer>Ралли</answer></right></question><question price="800"><scenario><atom>Машина заводится, но не едет, почему?</atom></scenario><right><answer>Лежит вверх ногами</answer></right></question><question price="900"><scenario><atom>У кошки 3, у собаки 6, у петуха 8</atom></scenario><right><answer>Букв (мяу, гав-гав, ку-ка-ре-ку)</answer></right></question><question price="1000"><scenario><atom>Загадка: Тело к телу, живот к животу, руку под жопу, а мясо в дыру</atom></scenario><right><answer>Мать кормит ребёнка</answer></right></question></questions></theme><theme name="Аниме по фрагменту"><questions><question price="100"><scenario><atom type="image">@a515c45d7f8e2106a90af7601fee9afa369dbb23_002.jpg</atom><atom type="marker"></atom><atom type="image">@a515c45d7f8e2106a90af7601fee9afa369dbb23_00.jpg</atom></scenario><right><answer>Невероятные приключения ДжоДжо</answer></right></question><question price="200"><scenario><atom type="image">@1fdb1acee114d33fad05aa44aa6e2786fc5da05av2_002.jpg</atom><atom type="marker"></atom><atom type="image">@1fdb1acee114d33fad05aa44aa6e2786fc5da05av2_00.jpg</atom></scenario><right><answer>Сони Хэ</answer></right></question><question price="300"><scenario><atom type="image">@02.jpg</atom><atom type="marker"></atom><atom type="image">@01.jpg</atom></scenario><right><answer>Dota 2</answer></right></question><question price="400"><scenario><atom type="image">@6fdbe118bb-2_1390x6002.jpg</atom><atom type="marker"></atom><atom type="image">@6fdbe118bb-2_1390x600.jpg</atom></scenario><right><answer>Покемон</answer></right></question><question price="500"><scenario><atom type="image">@Attack-On-Titan-season-3_MidnightSun2.jpg</atom><atom type="marker"></atom><atom type="image">@Attack-On-Titan-season-3_MidnightSun.jpg</atom></scenario><right><answer>Атака Титанов</answer></right></question><question price="600"><scenario><atom type="image">@castlevania-netflix-series-wallpaper-1300x0-MM-1002.jpg</atom><atom type="marker"></atom><atom type="image">@castlevania-netflix-series-wallpaper-1300x0-MM-100.jpg</atom></scenario><right><answer>Кастлвания</answer></right></question><question price="700"><scenario><atom type="image">@1577041408_hellsing-ova-hellsing-ultimate-anime-12.jpg</atom><atom type="marker"></atom><atom type="image">@1577041408_hellsing-ova-hellsing-ultimate-anime-1.png</atom></scenario><right><answer>Хелсинг</answer></right></question><question price="800"><scenario><atom type="image">@The-blood-of-zeus-Netflix2.jpg</atom><atom type="marker"></atom><atom type="image">@The-blood-of-zeus-Netflix.jpg</atom></scenario><right><answer>Кровь Зевка</answer></right></question><question price="900"><scenario><atom type="image">@maxresdefault2.jpg</atom><atom type="marker"></atom><atom type="image">@maxresdefault.jpg</atom></scenario><right><answer>Выдающиеся звери</answer></right></question><question price="1000"><scenario><atom type="image">@Kprojectpromoimage2.jpg</atom><atom type="marker"></atom><atom type="image">@Kprojectpromoimage.jpg</atom></scenario><right><answer>К</answer></right></question></questions></theme><theme name="Назови, что это?"><questions><question price="100"><scenario><atom>Здесь должна быть картинка банана, но её нет</atom></scenario><right><answer>Банан</answer></right></question><question price="200"><scenario><atom>Этот предмет идёт в комплекте к телевизора и часто теряется
в старые времена на него одевали пакет</atom></scenario><right><answer>Пульт от телевизора</answer></right></question><question price="300"><scenario><atom type="image">@myasorubka_bekker_bk_5203_1.jpg</atom></scenario><right><answer>Мясорубка</answer></right></question><question price="400"><scenario><atom type="image">@cena-prezervativa2.jpg</atom><atom type="marker"></atom><atom type="image">@cena-prezervativa.jpg</atom></scenario><right><answer>Презерватив</answer></right></question><question price="500"><scenario><atom type="image">@rozhkovyi-klyuch.jpg</atom></scenario><right><answer>Рожковый ключ</answer></right></question><question price="600"><scenario><atom>Назовите инструмент</atom><atom type="voice">@bolgarskaya-muzyka.mp3</atom></scenario><right><answer>Болгарка</answer></right></question><question price="700"><scenario><atom type="image">@Безымянный.jpg</atom><atom>Для чего данное устройство</atom></scenario><right><answer>Бобкодав, выдавливать бобки из вишни</answer></right></question><question price="800"><scenario><atom type="image">@пкль.jpg</atom></scenario><right><answer>Пельменница</answer></right></question><question price="900"><scenario><atom>Вес почти 7 кг, за что давали такую медаль?</atom><atom type="image">@MEDAL-ZA-PIANSTVO- (1)2.jpg</atom><atom type="marker"></atom><atom type="image">@MEDAL-ZA-PIANSTVO-.jpg</atom></scenario><right><answer /></right></question><question price="1000"><scenario><atom type="image">@chapelnik-chto-eto-takoe-i-kak-vybrat-1.jpg</atom></scenario><right><answer>Чапельник</answer></right></question></questions></theme><theme name="Игры на ПК"><questions><question price="100"><scenario><atom type="image">@dota-2-4.jpg</atom></scenario><right><answer>Dota 2</answer></right></question><question price="200"><scenario><atom type="image">@sm.cs2.750.jpg</atom></scenario><right><answer>CS 1.6</answer></right></question><question price="300"><scenario><atom type="image">@ALfBKlvnQ0XcLCHd9fHj7Q.jpeg</atom></scenario><right><answer>RE Village</answer></right></question><question price="400"><scenario><atom>В этих играх вы создаёте порталы, а в ходе игры с вами будет
общаться противная система GlaDOS</atom></scenario><right><answer>Portal</answer></right></question><question price="500"><scenario><atom>В этой игре вы впервые познакомитесь с подразделением
 Федеральная Единица Агрессивного Реагирования</atom></scenario><right><answer>FEAR</answer></right></question><question price="600"><scenario><atom type="image">@ss_ba7a072aaf537ff0fa6046e15ae9cf53e32efc3b.1920x1080.jpg</atom></scenario><right><answer>Robocraft</answer></right></question><question price="700"><scenario><atom>В какой игре есть Манипулятор энергетического поля нулевого уровня</atom></scenario><right><answer>Half-life 2</answer></right></question><question price="800"><scenario><atom>В какой игре самый большой открытый мир? (без процедурной генерации)</atom></scenario><right><answer>Guild Wars Nightfall</answer></right></question><question price="900"><scenario><atom>Клайв Баркер написал сценарий и приписал своё имя к 4 играм:
Clive Barker’s Nightbreed: The Action Game, 
Clive Barker’s Nightbreed: The Interactive Movie
и Clive Barker’s Jericho, что за четвертая игра?</atom></scenario><right><answer>Clive Barker’s Undying</answer></right></question><question price="1000"><scenario><atom type="image">@1448352879198373799.png</atom></scenario><right><answer>Enter the Matrix</answer></right></question></questions></theme><theme name="Минералка"><questions><question price="300"><scenario><atom type="image">@8f98dbcc354a1781f8a662fa9292b5832.jpg</atom><atom type="marker"></atom><atom type="image">@8f98dbcc354a1781f8a662fa9292b583.jpg</atom></scenario><right><answer /></right></question><question price="300"><scenario><atom type="image">@9f345665f34328f173c33b9b31290a302.jpg</atom><atom type="marker"></atom><atom type="image">@9f345665f34328f173c33b9b31290a30.jpeg</atom></scenario><right><answer /></right></question><question price="300"><scenario><atom type="image">@5260.9702.jpg</atom><atom type="marker"></atom><atom type="image">@5260.970.png</atom></scenario><right><answer /></right></question><question price="300"><scenario><atom type="image">@325472.jpg</atom><atom type="marker"></atom><atom type="image">@32547.jpg</atom></scenario><right><answer /></right></question><question price="300"><scenario><atom type="image">@60568_square2.jpg</atom><atom type="marker"></atom><atom type="image">@60568_square.jpg</atom></scenario><right><answer /></right></question><question price="300"><scenario><atom type="image">@1054632.jpg</atom><atom type="marker"></atom><atom type="image">@105463.jpg</atom></scenario><right><answer /></right></question><question price="300"><scenario><atom type="image">@min-voda-242.jpg</atom><atom type="marker"></atom><atom type="image">@min-voda-24.png</atom></scenario><right><answer /></right></question><question price="300"><scenario><atom type="image">@senezhskaya-mineral-water-052.jpg</atom><atom type="marker"></atom><atom type="image">@senezhskaya-mineral-water-05.jpg</atom></scenario><right><answer /></right></question><question price="300"><scenario><atom type="image">@66_0120_ST_packshot_2.jpg</atom><atom type="marker"></atom><atom type="image">@66_0120_ST_packshot_.jpg</atom></scenario><right><answer /></right></question><question price="300"><scenario><atom type="image">@ebrg2.jpg</atom><atom type="marker"></atom><atom type="image">@ebrg.jpg</atom></scenario><right><answer /></right></question></questions></theme><theme name="Фильмы"><questions><question price="100"><scenario><atom></atom></scenario><right><answer /></right></question><question price="200"><scenario><atom></atom></scenario><right><answer /></right></question><question price="300"><scenario><atom></atom></scenario><right><answer /></right></question><question price="400"><scenario><atom></atom></scenario><right><answer /></right></question><question price="500"><scenario><atom>Кристиан Бэйл играет роль агента Джона Престона,действие
фильма происходит в будующем, где испытывать эмоции запрещено,
а книги, исскуство и музыка вне закона.</atom></scenario><right><answer>Эквилибриум</answer></right></question><question price="600"><scenario><atom></atom></scenario><right><answer /></right></question><question price="700"><scenario><atom></atom></scenario><right><answer /></right></question><question price="800"><scenario><atom></atom></scenario><right><answer /></right></question><question price="900"><scenario><atom></atom></scenario><right><answer /></right></question><question price="1000"><type name="cat"><param name="theme"></param><param name="cost">3000</param></type><scenario><atom>Два младших офицера, сидя в одной камере на гауптвахте, 
вынуждены решать оСтрые социальные и психоЛогические
 вОпросы в Небольшом пространстве. Первый фИльм Владимира Епифанцева.
Режиссёром выступила С.БаскаКова</atom></scenario><right><answer>Зелёный слоник</answer></right></question></questions></theme></themes></round><round name="2-й раунд"><themes><theme name="Русский фольклор"><questions><question price="100"><scenario><atom>Самый младший из трёх богатырей</atom></scenario><right><answer>Алёша Попович</answer></right></question><question price="200"><scenario><atom>Летала в ступе, любила детей медиум рар</atom></scenario><right><answer>Баба-Яга</answer></right></question><question price="300"><scenario><atom>Никто с ним не водится, его друзья лягушки и пиявки, живёт как правило в болоте</atom></scenario><right><answer>Водяной</answer></right></question><question price="400"><scenario><atom>В этой сказке в заброшенное строение приходят звери,
последним приходит медведь и ломает это строение,
 как название сказки?</atom></scenario><right><answer>Теремок</answer></right></question><question price="500"><scenario><atom> Дух-хозяин леса в мифологии восточных славян</atom></scenario><right><answer>Леший</answer></right></question><question price="600"><type name="auction" /><scenario><atom>Данный былинный персонаж 33 года сидел на печи</atom></scenario><right><answer>Илья Муромец</answer></right></question><question price="700"><scenario><atom>Знаменит своим могучим свистом</atom></scenario><right><answer>Соловей-разбойник</answer></right></question><question price="800"><scenario><atom>Герой новгородских былин, гусляр, разбогатевший благодаря помощи морского царя. 
Бился об заклад с другими новгородскими купцами, что сможет скупить все товары в городе. 
Затем попал в царство к морскому владыке, где потешал его своей игрой на гуслях.</atom></scenario><right><answer>Садко</answer></right></question><question price="900"><scenario><atom>В фильме Последний богатырь, данного былинного персонажа
сыграл актёр Евгений Дятлов</atom></scenario><right><answer>Добрыня Никитич</answer></right></question><question price="1000"><scenario><atom>Представитель древнейшего былинного эпоса, в одной из историй,
данный богатырь схватил и положил себе в карман Илью Муромца,
по одной из версий лёг в хрустальный гроб, в последствии не смог открыть крышку,
так и погиб</atom></scenario><right><answer>Святогор</answer></right></question></questions></theme><theme name="Хорошее кино"><questions><question price="100"><scenario><atom type="image">@ivan-pic905-895x505-52159.jpg</atom></scenario><right><answer>Иван Василич меняет профессию</answer></right></question><question price="200"><scenario><atom type="image">@operatsiya-i-8.jpg</atom></scenario><right><answer>Операция Ы</answer></right></question><question price="300"><scenario><atom type="image">@600x380 (1).jpg</atom></scenario><right><answer>День Выборов</answer></right></question><question price="400"><scenario><atom type="image">@AQACObhuu6ActlQtboBQwosmEfc_TSSz9Rqin4Bi0oCAcCISdZ8h-VUkx8NrSaB-_tGZCfgde0H9m1g4U2Du9iAa-cc.jpg</atom></scenario><right><answer>Майор Гром</answer></right></question><question price="500"><type name="auction" /><scenario><atom type="image">@Harlamov.jpg</atom></scenario><right><answer>Легенда 17</answer></right></question><question price="600"><scenario><atom type="image">@280x178_2.jpg</atom></scenario><right><answer>Жить</answer></right></question><question price="700"><scenario><atom type="image">@blog_entry_612482.jpg</atom></scenario><right><answer>Дурак</answer></right></question><question price="800"><scenario><atom type="image">@kinopoisk.ru-Neadekvatnye-ludi-1439101.jpg</atom></scenario><right><answer>Неадекватные игры</answer></right></question><question price="900"><scenario><atom type="image">@576f5650-c2eb-4177-9cd8-11e12a0afd71.jpg</atom></scenario><right><answer>Монах и Бес</answer></right></question><question price="1000"><scenario><atom type="image">@а.jpg</atom></scenario><right><answer>Ч Б</answer></right></question></questions></theme><theme name="Телешоу"><questions><question price="100"><scenario><atom type="image">@1df9045e2db6912c43dc8b5839.jpg</atom></scenario><right><answer>Своя Игра</answer></right></question><question price="200"><scenario><atom type="image">@74c35789e3a04a317c9ff865012b7d3d1fcf52bda9ff29d57d9e905678ed74c7.jpg</atom></scenario><right><answer>Слабое звено</answer></right></question><question price="300"><scenario><atom type="image">@hqdefault.jpg</atom></scenario><right><answer>О счастливчик</answer></right></question><question price="400"><scenario><atom type="image">@000029_1528963494_306809_big.jpg</atom></scenario><right><answer>Поле Чудес</answer></right></question><question price="500"><type name="auction" /><scenario><atom type="image">@354.jpg</atom></scenario><right><answer>Сто к одному</answer></right></question><question price="600"><scenario><atom type="image">@vu_130519.jpg</atom></scenario><right><answer>Вечерний ургант</answer></right></question><question price="700"><scenario><atom type="image">@img7-49754.jpg</atom></scenario><right><answer>Галилео</answer></right></question><question price="800"><scenario><atom type="image">@a34b321d29bcb001631d942b606d8e6b-quality_70Xresize_crop_1Xallow_enlarge_0Xw_750Xh_463.jpg</atom></scenario><right><answer>Битва экстрасенсов</answer></right></question><question price="900"><scenario><atom type="image">@b07323333.jpg</atom></scenario><right><answer>Пока все дома</answer></right></question><question price="1000"><type name="auction" /><scenario><atom type="image">@TASS_142684-pic905-905x505-27716.jpg</atom></scenario><right><answer>Что? Где? Когда?</answer></right></question></questions></theme><theme name="Игра по интерфейсу"><questions><question price="100"><scenario><atom type="image">@p1_2478972_e278afedв.jpg</atom><atom type="marker"></atom><atom type="image">@p1_2478972_e278afed.jpg</atom></scenario><right><answer>c &amp; c kane's wrath</answer></right></question><question price="200"><scenario><atom type="image">@15649200591152379021.jpg</atom><atom type="marker"></atom><atom type="image">@1564920059115237902.jpg</atom></scenario><right><answer>S.T.A.L.K.E.R.: Тень Чернобыля</answer></right></question><question price="300"><scenario><atom type="image">@ss_75f61a268ef3b6180d4a95533defb46d44d29cab.1920x1080 (1).jpg</atom><atom type="marker"></atom><atom type="image">@ss_75f61a268ef3b6180d4a95533defb46d44d29cab.1920x1080.jpg</atom></scenario><right><answer>Painkiller</answer></right></question><question price="400"><scenario><atom type="image">@201904103dbb03e47d80c53e23e574d6fadc77981.jpg</atom><atom type="marker"></atom><atom type="image">@201904103dbb03e47d80c53e23e574d6fadc7798.jpg</atom></scenario><right><answer>WoT</answer></right></question><question price="500"><scenario><atom type="image">@0-1682.jpg</atom><atom type="marker"></atom><atom type="image">@0-168.jpg</atom></scenario><right><answer>CS GO</answer></right></question><question price="600"><scenario><atom type="image">@image_5f7868543536e0.013482615.jpg</atom><atom type="marker"></atom><atom type="image">@image_5f7868543536e0.01348261.jpg</atom></scenario><right><answer>Genshin Impact</answer></right></question><question price="700"><scenario><atom type="image">@unnamed (1)3.jpg</atom><atom type="marker"></atom><atom type="image">@unnamed (1).jpg</atom></scenario><right><answer>Call of Duty</answer></right></question><question price="800"><scenario><atom type="image">@cuphead3-1024x5761.jpg</atom><atom type="marker"></atom><atom type="image">@cuphead3-1024x576.jpg</atom></scenario><right><answer>Cuphead</answer></right></question><question price="900"><type name="auction" /><scenario><atom type="image">@Oblivion_Graphics2.jpg</atom><atom type="marker"></atom><atom type="image">@Oblivion_Graphics.jpg</atom></scenario><right><answer>Oblivion</answer></right></question><question price="1000"><type name="sponsored" /><scenario><atom type="image">@witcher3_464.jpg</atom><atom type="marker"></atom><atom type="image">@witcher3_46.jpg</atom></scenario><right><answer>Ведьмак 3</answer></right></question></questions></theme><theme name="Профессии"><questions><question price="100"><scenario><atom type="image">@8457570002.jpg</atom></scenario><right><answer>Сантехник</answer></right></question><question price="200"><scenario><atom>Лечит зубы </atom></scenario><right><answer>Стоматолог или дантист</answer></right></question><question price="300"><scenario><atom>Всегда весёлый, озорной, цирковой артист такой.
Он смеётся, веселит и унылых рассмешит.</atom></scenario><right><answer>Клоун</answer></right></question><question price="400"><scenario><atom type="image">@76427b6e618376ef106909b11d0e8ea5.jpeg</atom></scenario><right><answer>Охотник</answer></right></question><question price="500"><scenario><atom type="image">@Zapashny-Dynasty-1.jpg</atom></scenario><right><answer>Дрессировщик</answer></right></question><question price="600"><scenario><atom>Это специалист по воспитанию и разведению собак</atom></scenario><right><answer>Кинолог</answer></right></question><question price="700"><type name="auction" /><scenario><atom>Работник сельского хозяйства, профессиональной деятельностью которого является вождение уборочного комбайна</atom></scenario><right><answer>Комбайнер</answer></right></question><question price="800"><scenario><atom>Лицо, основным видом профессиональной деятельности которого является управление
 различного рода машинами (с двигателем мощностью более 110,3 кВт),
 а также обслуживание и ремонт их двигателей.</atom></scenario><right><answer>Машинист</answer></right></question><question price="900"><scenario><atom>Специалист по  обработке резанием вращающихся заготовок 
или вращающегося режущего инструмента, по обработке дерева, металла, пластмассы и т. д.</atom></scenario><right><answer>Токарь</answer></right></question><question price="1000"><scenario><atom>Пожалуй, самая редкая профессия на Земле . 
Ею владеют всего два человека на планете и служат на полярных станциях в Антарктиде.</atom></scenario><right><answer>Подниматель, переворачиватель пингвинов</answer></right></question></questions></theme><theme name="8-bit"><questions><question price="100"><scenario><atom>В какой игре Саймон Бельмонт противостоит графу Дракуле</atom></scenario><right><answer>Castlevania</answer></right></question><question price="200"><scenario><atom>Персонаж Hudson Soft, который ставит бомбы, в поисках двери</atom></scenario><right><answer>Bomberman</answer></right></question><question price="300"><scenario><atom>В этой серии 2 бурундука противостоят толстому коту</atom></scenario><right><answer>Chip n Dale</answer></right></question><question price="400"><scenario><atom type="voice">@Contra (NES) - Stage 1 - Jungle  Stage 7 - Hangar 00_00_00-00_00_15.wav</atom></scenario><right><answer>Contra</answer></right></question><question price="500"><scenario><atom>Что это?</atom><atom type="image">@87fbf6eba03028f07dbbf4e0c5f1ce6e (1).jpg</atom></scenario><right><answer>Световой пистолет</answer></right></question><question price="600"><scenario><atom>Что это?</atom><atom type="image">@aorom.jpg</atom></scenario><right><answer>Начинка картриджа</answer></right></question><question price="700"><scenario><atom>В какой части про Черепашек-ниндзя, первый уровень начинается
в горящем доме?</atom></scenario><right><answer>Teenage Mutant Ninja Turtles II - The Arcade Game</answer></right></question><question price="800"><scenario><atom type="image">@tank_0103.png</atom><atom type="marker"></atom><atom type="image">@tank_010.png</atom></scenario><right><answer>Battle City</answer></right></question><question price="900"><type name="auction" /><scenario><atom>В этой игре главным героем является ниндзя по имени Рю Хаябуса</atom></scenario><right><answer>Ninja Gaiden</answer></right></question><question price="1000"><scenario><atom>В этой игре нужно постоянно бежать и собирать фрукты,
чтобы восстановить жизни, иногда можно передвигаться на доске,
в качестве оружия используются каменные топорики и фаерболлы,
а по сюжету, пацан спасает свою девушку.</atom><atom type="marker"></atom><atom type="image">@Ai.png</atom></scenario><right><answer>Hudson's Adventure Island</answer></right></question></questions></theme></themes></round><round name="3-й раунд"><themes><theme name="Герои боевиков"><questions><question price="100"><scenario><atom type="image">@33adcd4ee0e854a23ced4877f41b0861-quality_70Xresize_crop_1Xallow_enlarge_0Xw_750Xh_463.jpg</atom></scenario><right><answer>Джон Рэмбо</answer></right></question><question price="200"><scenario><atom type="image">@470173.700xp.jpg</atom></scenario><right><answer>Терминатор Т-800</answer></right></question><question price="300"><scenario><atom type="image">@detail_35d9248a97f38d7047d853e55ba83633.jpg</atom></scenario><right><answer>Джон Маклейн</answer></right></question><question price="400"><scenario><atom type="image">@351346_aEaaUcIabO_351343_yvdctqinzn_411354.jpg</atom></scenario><right><answer>Робокоп</answer></right></question><question price="500"><scenario><atom type="image">@blade.jpg</atom></scenario><right><answer>Блэйд</answer></right></question><question price="600"><scenario><atom type="image">@1150.jpg</atom></scenario><right><answer>Харли Дэвидсон и Ковбой Мальборо</answer></right></question><question price="700"><scenario><atom type="image">@9330583_900.jpg</atom></scenario><right><answer>Змей Плискин</answer></right></question><question price="800"><type name="cat"><param name="theme"></param><param name="cost">500</param></type><scenario><atom type="image">@mad_max_2.jpg</atom></scenario><right><answer>Макс Рокотански</answer></right></question><question price="900"><scenario><atom type="image">@jackie-chan-jackie-chan-5495182-400-55711111111111111111111.jpg</atom></scenario><right><answer>Джеки Кондор «Азиатский ястреб»</answer></right></question><question price="1000"><scenario><atom type="image">@unnamed (2).jpg</atom></scenario><right><answer>Капитан рейнджер Корделл Уокер</answer></right></question></questions></theme><theme name="Злодей из видеоигр"><questions><question price="100"><scenario><atom type="image">@best-villains-in-games-25-768x432.jpg</atom></scenario><right><answer>Призрак (Mass Effect 3)</answer></right></question><question price="200"><scenario><atom type="image">@best-villains-in-games-30-768x432.jpg</atom></scenario><right><answer>Шао Кан (Mortal Kombat)</answer></right></question><question price="300"><scenario><atom type="image">@best-villains-in-games-6-768x432.jpg</atom></scenario><right><answer>Кейн (Command &amp; Conquer)</answer></right></question><question price="400"><type name="auction" /><scenario><atom type="image">@best-villains-in-games-5-768x432.jpg</atom></scenario><right><answer>Джокер (Batman: Arkham Knight)</answer></right></question><question price="500"><scenario><atom type="image">@best-villains-in-games-24-768x384.jpg</atom></scenario><right><answer>Доктор Роботник (Sonic the Hedgehog)</answer></right></question><question price="600"><scenario><atom type="image">@best-villains-in-games-11-768x432.jpg</atom></scenario><right><answer>M. Байсон (Street Fighter 5)</answer></right></question><question price="700"><scenario><atom type="image">@best-villains-in-games-18.jpg</atom></scenario><right><answer>ГЛаДОС (Portal)</answer></right></question><question price="800"><scenario><atom type="image">@best-villains-in-games-4.jpg</atom></scenario><right><answer>Эндрю Райан (BioShock)</answer></right></question><question price="900"><scenario><atom type="image">@best-villains-in-games-15-768x432.jpg</atom></scenario><right><answer>Фрау Энгель (Wolfenstein 2: The New Colossus)</answer></right></question><question price="1000"><type name="cat"><param name="theme"></param><param name="cost">500</param></type><scenario><atom type="image">@best-villains-in-games-2-768x432.jpg</atom></scenario><right><answer> Альберт Вескер (Resident Evil)</answer></right></question></questions></theme><theme name="Бокс"><questions><question price="100"><scenario><atom>Автор цитаты "Порхай, как бабочка. Жаль, как пчела"</atom></scenario><right><answer>Мохаммеда Али</answer></right></question><question price="200"><scenario><atom>Классический удар из традиционного бокса; наносится кулаком по внутренней траектории, при этом кулак повёрнут на себя; используется в ближнем бою, бьют обычно снизу вверх в подбородок или солнечное сплетение</atom></scenario><right><answer>Апперкот</answer></right></question><question price="300"><scenario><atom>Этот боксёр снялся в таких фильмах как Мальчишник в вегасе 1,2
Ип-Ман 3, Рокки Бальбоа и других</atom></scenario><right><answer>Майк Тайсон</answer></right></question><question price="400"><scenario><atom>В 1997 году "Железный Майк" в бою с этим боксёром откусил ему часть уха</atom></scenario><right><answer>Эвандер Холифилд</answer></right></question><question price="500"><scenario><atom>Бывший боксёр, породивший мем «А сегодня в завтрашний день не все могут смотреть. Вернее смотреть могут не только лишь все, мало кто может это делать»
Назовите его имя</atom></scenario><right><answer>Виталий Кличко</answer></right></question><question price="600"><scenario><atom>Боксёр тяжеловес про прозвищу Баттербин, в одном из боёв промазал по противнику и вырубил судью</atom></scenario><right><answer>Эрик Скотт Эш</answer></right></question><question price="700"><scenario><atom type="image">@9.jpg</atom></scenario><right><answer>Поветкин</answer></right></question><question price="800"><scenario><atom>Этот боксёр выйграл 49 боёв, 50 стал бой с Коннором Макгрегором, а 51 с блогером Логаном Полом</atom></scenario><right><answer>Флойд Мейвезер</answer></right></question><question price="900"><scenario><atom type="image">@Oscar De La Hoya.jpg</atom></scenario><right><answer>Оскар Де Ла Хойя</answer></right></question><question price="1000"><type name="cat"><param name="theme"></param><param name="cost">1000</param></type><scenario><atom>Кого ударил Саня?</atom><atom type="image">@1hr7u8ary54ytv6f.jpg</atom></scenario><right><answer>М. Кокляев</answer></right></question></questions></theme><theme name="Что это такое?"><questions><question price="500"><scenario><atom type="image">@1529485190145470410.png</atom></scenario><right><answer>Морской ананас</answer></right></question><question price="500"><scenario><atom type="image">@1530000448299662064.jpg</atom></scenario><right><answer>Вилка каннибалов для человечины</answer></right></question><question price="500"><scenario><atom type="image">@1531066188225886144.jpg</atom></scenario><right><answer>Гинекологическая щетка</answer></right></question><question price="500"><scenario><atom type="image">@1531067349261788376.jpg</atom></scenario><right><answer>Африканская подставка для головы, которую использовали в качестве подушки</answer></right></question><question price="500"><scenario><atom type="image">@1540200889110727054.png</atom></scenario><right><answer>Копилка</answer></right></question><question price="500"><scenario><atom type="image">@1540201370130939138.png</atom></scenario><right><answer>Насос для носков</answer></right></question><question price="500"><scenario><atom type="image">@1542187297147460649.jpg</atom></scenario><right><answer>Глушилка для музыкальных инструментов</answer></right></question><question price="500"><scenario><atom type="image">@1544595969124217509.png</atom></scenario><right><answer>Вешалка (чтобы не человек не мог повесится</answer></right></question><question price="500"><scenario><atom type="image">@1546055718137586014.png</atom></scenario><right><answer>Мексиканский аналог обычного венчика, который называется молинилло</answer></right></question><question price="500"><scenario><atom type="image">@1542187847188181709.jpg</atom></scenario><right><answer>Качели из Ikea</answer></right></question></questions></theme><theme name="Рисунки Ahriman"><questions><question price="100"><scenario><atom type="image">@WYed1J5fDYo.jpg</atom></scenario><right><answer>Спаун</answer></right></question><question price="200"><scenario><atom type="image">@wxE6NymoDnA.jpg</atom></scenario><right><answer>Мэйбл/Гравити Фолс</answer></right></question><question price="300"><type name="cat"><param name="theme"></param><param name="cost">500</param></type><scenario><atom type="image">@2X8FWyWEU64.jpg</atom></scenario><right><answer>Невский</answer></right></question><question price="400"><scenario><atom type="image">@24t_b0VPPsw.jpg</atom></scenario><right><answer>Джей и Боб</answer></right></question><question price="500"><scenario><atom type="image">@9xGAwYWCoBc.jpg</atom></scenario><right><answer>Город Грехов/Марв</answer></right></question><question price="600"><scenario><atom type="image">@Tjh2cK2F7Ls.jpg</atom></scenario><right><answer>Хранители</answer></right></question><question price="700"><type name="auction" /><scenario><atom type="image">@OfoTRpPuVig.jpg</atom></scenario><right><answer>Игла</answer></right></question><question price="800"><scenario><atom type="image">@buSaoIxEjZY.jpg</atom></scenario><right><answer>Цельнометаллическая оболочка</answer></right></question><question price="900"><scenario><atom type="image">@EeH_xt9enZw.jpg</atom></scenario><right><answer>Сердце дракона</answer></right></question><question price="1000"><type name="sponsored" /><scenario><atom type="image">@IPDbUbMQyg8.jpg</atom></scenario><right><answer>Белое солнце пустыни</answer></right></question></questions></theme><theme name="Политика"><questions><question price="100"><scenario><atom type="image">@DETAIL_PICTURE_534774.jpg</atom></scenario><right><answer>Путин</answer></right></question><question price="200"><scenario><atom type="image">@hqdefault_1.jpg</atom></scenario><right><answer>Жириновский</answer></right></question><question price="300"><scenario><atom type="image">@RIAN_6421062.HR-pic905-895x505-54499.jpg</atom></scenario><right><answer>Шнур</answer></right></question><question price="400"><scenario><atom type="image">@nikolaj-valuev-rasskazal-ob-otnoshenii-k-amerike_16086376261793710267.jpg</atom></scenario><right><answer>Валуев</answer></right></question><question price="500"><scenario><atom type="image">@2040c7c8274a336d19e3cfb539fd7380.jpg</atom></scenario><right><answer>Прохоров</answer></right></question><question price="600"><scenario><atom type="image">@GettyImages-1317538733_d_850.jpg</atom></scenario><right><answer>Обама</answer></right></question><question price="700"><type name="sponsored" /><scenario><atom type="image">@Ольга-Глацких.jpg</atom></scenario><right><answer>Ольга Глацких — чиновница из Екатеринбурга, котороую не надо было рожать</answer></right></question><question price="800"><type name="sponsored" /><scenario><atom>Предлагала людям есть одни макароны</atom><atom type="image">@173079_1539322080-pic685-685x390-93571.jpg</atom></scenario><right><answer>Соколова</answer></right></question><question price="900"><scenario><atom type="image">@dmitriy-medvedev-2.jpg</atom></scenario><right><answer>Медведев</answer></right></question><question price="1000"><type name="auction" /><scenario><atom type="image">@1.jpg</atom></scenario><right><answer>Трамп</answer></right></question></questions></theme></themes></round><round name="ФИНАЛ" type="final"><themes><theme name="Финальный босс"><questions><question price="0"><scenario><atom>Этот злодей постоянно похищает принцессу и пытается захватить Грибное королевство,
его главный враг это водопроводчик в красном костюмчике</atom></scenario><right><answer>Боузер</answer></right></question></questions></theme><theme name="Знаменитые картины"><questions><question price="0"><scenario><atom>Назовите третью картину из Триптиха - Черный круг, Чёрный крест и ...</atom></scenario><right><answer>Чёрный квадрат</answer></right></question></questions></theme><theme name="Фильм"><questions><question price="0"><scenario><atom type="video">@Культовый монолог Роя Батти. Бегущий по лезвию. Blade Runner 00_02_09-00_02_54.10.mp4</atom></scenario><right><answer>Бегущий по лезвию</answer></right></question></questions></theme><theme name="Книга"><questions><question price="0"><scenario><atom>В этой книге у профессора Квирелла на затылке имелось лицо того, кого нельзя называть</atom></scenario><right><answer>Гарри Поттер и филосовский камень</answer></right></question></questions></theme><theme name="Вид спорта"><questions><question price="0"><scenario><atom>Снаряд для этого вида спорта выполнялся(выполняется) из гранита</atom><atom type="image">@Curling-Stone_1.jpg</atom></scenario><right><answer>Кёрлинг</answer></right></question></questions></theme><theme name=""><questions><question price="0"><scenario><atom></atom></scenario><right><answer /></right></question></questions></theme><theme name=""><questions><question price="0"><scenario><atom></atom></scenario><right><answer /></right></question></questions></theme></themes></round></rounds></package>