﻿<?xml version="1.0" encoding="utf-8"?><package name="Counter-Strike GO by Drake_Doc.tv" version="4" id="51cee425-4f79-4ed3-bf13-28f7fb2a4230" date="17.05.2021" difficulty="5" logo="@Ава.png" xmlns="http://vladimirkhil.com/ygpackage3.0.xsd"><info><authors><author>Drake_Doc.tv</author></authors></info><rounds><round name="1-й раунд"><themes><theme name="Пушки-Калатушки"><info><comments>официальное название пушек</comments></info><questions><question price="100"><scenario><atom>Очень опасное и очень эффективное оружие, которое легко узнается по характерному звуку выстрела и по жёсткому правилу... </atom></scenario><right><answer>AWP</answer></right></question><question price="200"><scenario><atom> Знаковое оружие, которое непросто освоить, хоть он и удивительно точен на дальних дистанциях</atom></scenario><right><answer>Desert Eagle</answer></right></question><question price="300"><scenario><atom>Благодаря вместительному магазину и высокой скорострельности, идеально подходит для стрельбы залпом. Его положительные качества омрачаются очень высокой ценой, большим разбросом и раздражающей отдачей</atom></scenario><right><answer>NEGEV</answer></right></question><question price="400"><scenario><atom> Дешевое решение для не очень богатых игроков, ОН отлично заполняет нишу между более дорогими автоматами и менее эффективными пистолетами-пулеметами </atom></scenario><right><answer>FAMAS</answer></right></question><question price="500"><scenario><atom>Огнестрельное оружие с высоким темпом стрельбы и низкой отдачей, представляющее собой относительно недорогой выбор против бронированных противников</atom></scenario><right><answer>P 250</answer></right></question></questions></theme><theme name="Лого карт"><questions><question price="100"><scenario><atom type="image">@Нюк вопрос.png</atom><atom type="marker"></atom><atom type="image">@Нюк.png</atom></scenario><right><answer>NUKE</answer></right></question><question price="200"><scenario><atom type="image">@Мираж вопрос.png</atom><atom type="marker"></atom><atom type="image">@Мираж.png</atom></scenario><right><answer>MIRAGE</answer></right></question><question price="300"><scenario><atom type="image">@Даст 2 вопрос.png</atom><atom type="marker"></atom><atom type="image">@Даст 2.png</atom></scenario><right><answer>DUST 2</answer></right></question><question price="400"><scenario><atom type="image">@Ассаут вопрос.png</atom><atom type="marker"></atom><atom type="image">@Ассаут.png</atom></scenario><right><answer>ASSAULT</answer></right></question><question price="500"><scenario><atom type="image">@Ацтек вопрос.png</atom><atom type="marker"></atom><atom type="image">@Ацтек.png</atom></scenario><right><answer>AZTEC</answer></right></question></questions></theme><theme name="Слово не воробей"><info><comments>Фразы известных личностей кс го. Сказать кто сказал</comments></info><questions><question price="100"><scenario><atom>"Сейчас бы холодного пивка да? "</atom><atom type="marker"></atom><atom type="voice">@Холодного пивка да.mp3</atom></scenario><right><answer>Миша Кейн</answer></right></question><question price="200"><scenario><atom>"Факин Владислав сука Ковач"</atom><atom type="marker"></atom><atom type="voice">@Владислав.mp3</atom></scenario><right><answer>Simple</answer></right></question><question price="300"><scenario><atom>"Я врываюсь на кафель!!!!"</atom><atom type="marker"></atom><atom type="voice">@кафель.mp3</atom></scenario><right><answer>Markeloff</answer></right></question><question price="400"><scenario><atom>" На инферно, если я не ошибаюсь следующая катка, можно и веню вялого понюхать"</atom><atom type="marker"></atom><atom type="voice">@веню вялого 2.mp3</atom></scenario><right><answer>Киевстонер</answer></right></question><question price="500"><scenario><atom>"Мы смотрим, там англоязычные аналитики ходят бл* шараёбятся, а мы сидим..."</atom><atom type="marker"></atom><atom type="voice">@Ходят шараебятся.mp3</atom></scenario><right><answer>Тоня</answer></right></question></questions></theme><theme name="КС старушка, дай погремушку"><info><comments>По картинке сказать никнейм игрока</comments></info><questions><question price="100"><scenario><atom type="image">@one tap machine 2 .png</atom></scenario><right><answer>ScreaM (one tap machine)</answer></right></question><question price="200"><scenario><atom type="image">@пистол кинг готовый.png</atom></scenario><right><answer>Edward (pistol king)</answer></right></question><question price="300"><scenario><atom type="image">@Камень 2.png</atom></scenario><right><answer>S1mple (камень)</answer></right></question><question price="400"><scenario><atom type="image">@КЛатч министр.png</atom></scenario><right><answer>xyp9x (Клатч министр)</answer></right></question><question price="500"><scenario><atom type="image">@Лее танк.png</atom></scenario><right><answer>RpK (Le Tank)</answer></right></question></questions></theme><theme name="Уши слоника Дамбо"><info><comments>Назвать оружее по звуку</comments></info><questions><question price="100"><scenario><atom type="voice">@AUG.mp3</atom></scenario><right><answer>AUG</answer></right></question><question price="200"><type name="cat"><param name="theme"></param><param name="cost">0</param></type><scenario><atom type="voice">@Dual Berette.mp3</atom></scenario><right><answer>Dual Berette</answer></right></question><question price="300"><scenario><atom type="voice">@CZ75.mp3</atom></scenario><right><answer>CZ75-Auto</answer></right></question><question price="400"><scenario><atom type="voice">@MP7.mp3</atom></scenario><right><answer>MP7</answer></right></question><question price="500"><scenario><atom type="voice">@Бизон.mp3</atom></scenario><right><answer>Бизон</answer></right></question></questions></theme><theme name="Матан"><info><comments>Вопросы связанные с цыфрами</comments></info><questions><question price="100"><scenario><atom>Последняя цифра в коде активации бомбы </atom></scenario><right><answer>8</answer></right></question><question price="200"><scenario><atom> Полное название оружия - Zeus X** . Какое число скрыто? </atom></scenario><right><answer>27</answer></right></question><question price="300"><scenario><atom>Сколько прошло дней с момента выпуска Counter-Strike до Анонса CS:GO  </atom></scenario><right><answer>4444</answer></right></question><question price="400"><scenario><atom> В официальном описании к взрывчатке С4 говорится, что скорость детонации более **** метров в секунду. Скольки? ( плюс/минус 500 )  </atom></scenario><right><answer>8 000 м/c</answer></right></question><question price="500"><scenario><atom> Какое количество просмотров на ютубе у официального трейлера CS GO? (плюс/минус 3 млн.)</atom></scenario><right><answer>19 094 712</answer></right></question></questions></theme></themes></round><round name="2-й раунд"><themes><theme name="Детские рисунки"><info><comments>По рисунку определить что за оружее из кс го</comments></info><questions><question price="200"><scenario><atom type="image">@Петух.jpg</atom></scenario><right><answer>P 90 (Петух)</answer></right></question><question price="400"><scenario><atom type="image">@Орёл.png</atom></scenario><right><answer>Desert Eagle (Пустынный орёл)</answer></right></question><question price="600"><type name="auction" /><scenario><atom type="image">@__9_.jpg</atom></scenario><right><answer>ПП-19 Бизон</answer></right></question><question price="800"><scenario><atom type="image">@Слон 1.jpg</atom></scenario><right><answer>AWP (Слон)</answer></right></question><question price="1000"><scenario><atom type="image">@Муха 3.jpg</atom></scenario><right><answer>SSG 08 (Муха)</answer></right></question></questions></theme><theme name="Нумизматика"><info><comments>Лого медалей операций, сказать название операции</comments></info><questions><question price="200"><scenario><atom type="image">@Браво вопрос.png</atom><atom type="marker"></atom><atom type="image">@Браво.png</atom></scenario><right><answer>Браво </answer></right></question><question price="400"><scenario><atom type="image">@бладхаунт вопрос.png</atom><atom type="marker"></atom><atom type="image">@бладхаунт.png</atom></scenario><right><answer>Бладхаунт</answer></right></question><question price="600"><scenario><atom type="image">@Гидра ВОпрос.png</atom><atom type="marker"></atom><atom type="image">@монета.png</atom></scenario><right><answer>Гидра </answer></right></question><question price="800"><scenario><atom type="image">@прорыв вопрос.png</atom><atom type="marker"></atom><atom type="image">@прорыв.png</atom></scenario><right><answer>Прорыв</answer></right></question><question price="1000"><scenario><atom type="image">@Дикое пламя вопрос.png</atom><atom type="marker"></atom><atom type="image">@Дикое пламя.png</atom></scenario><right><answer>Дикое пламя</answer></right></question></questions></theme><theme name="Оружее по спрею"><questions><question price="200"><scenario><atom type="video">@АК47.mp4</atom></scenario><right><answer>AK-47</answer></right></question><question price="400"><scenario><atom type="video">@FAMAS.mp4</atom></scenario><right><answer>FAMAS</answer></right></question><question price="600"><scenario><atom type="video">@USP.mp4</atom></scenario><right><answer>USP</answer></right></question><question price="800"><scenario><atom type="video">@Deagle.mp4</atom></scenario><right><answer>Desert Eagle</answer></right></question><question price="1000"><scenario><atom type="video">@MAC 10.mp4</atom></scenario><right><answer>MAC 10</answer></right></question></questions></theme><theme name="История никнеймов"><info><comments>Какой ник зашифрован в истории</comments></info><questions><question price="200"><scenario><atom>Я взял этот ник, потому что из-за своей прически в молодости, друзья говорили мне, что я похож на одного героя фильма Тима Бёртона</atom></scenario><right><answer>Иоанн «Edward» Сухарев</answer></right></question><question price="400"><scenario><atom>Я сутки, наверное, сидел и думал, потому что у меня был никнейм моего старшего брата, только переименован немного. Он был Taff, а я — Taff1k. Я сидел и думал, какой придумать уникальный никнейм и слышу на фоне играет музыка…Забыл как называет группа, там фраза "Бьет по глазам адреналин"</atom></scenario><right><answer>Даурен «AdreN» Кыстаубаев </answer></right></question><question price="600"><scenario><atom>Посмотрел рекламу просто. Увидел, понравилось, понеслась. </atom></scenario><right><answer>Михаил «Dosia» Столяров</answer></right></question><question price="800"><scenario><atom>Его ник выбран в честь кроссовок Nike , которые носил перед тем, как решить, какой никнейм ему больше всего подходит для профессиональной карьеры. Его никнейм имеет символическое значение, так как он лучше всего описывает его стиль игры - его противники остаются в недоумении, когда он идет на пробежку</atom></scenario><right><answer>Ришар «shox» Папийон </answer></right></question><question price="1000"><scenario><atom>«В Warcraft 3 есть редактор карт, который называется ***,и если не написать себе ник, то по умолчанию будет написано ***. Так это и прижилось». </atom></scenario><right><answer>Георгий «WorldEdit» Яскин</answer></right></question></questions></theme><theme name="Братишки Олофа"><info><comments>Все ответы заканчиваются на Мейстер</comments></info><questions><question price="200"><scenario><atom>Высшее шахматное звание </atom></scenario><right><answer>Гроссмейстер</answer></right></question><question price="400"><scenario><atom>Немецкий крепкий ликёр, настоянный на травах. Относится к категории биттеров </atom></scenario><right><answer>Егермейстер</answer></right></question><question price="600"><scenario><atom>Должность в пожарной охране в Российской империи, послереволюционном РСФСР и в некоторых странах в настоящее время. В Германии, Австрии и Швейцарии </atom></scenario><right><answer>Брандмейстер</answer></right></question><question price="800"><scenario><atom>руководитель хора, хоровой дирижёр</atom></scenario><right><answer>Хормейстер</answer></right></question><question price="1000"><scenario><atom>Работник цирка, ведущий циркового представления. В его обязанности входит объявление номеров, участие в качестве резонёра в клоунских репризах </atom></scenario><right><answer>Шпрехшталмейстер</answer></right></question></questions></theme><theme name="Время пострелять"><info><comments>3 выстрела (караоке) 2 простых вопроса</comments></info><questions><question price="600"><type name="cat"><param name="theme"></param><param name="cost">0</param></type><scenario><atom> В одном из обновлений в 2019-м году в CS:GO добавили стикеры и набор музыки ЭТОЙ ИГРЫ. Что за игра? </atom><atom type="marker"></atom><atom type="voice">@музыка.mp3</atom></scenario><right><answer>Halo: Reach.</answer></right></question><question price="600"><info><comments>Ю.Лоза - Плот</comments></info><type name="cat"><param name="theme"></param><param name="cost">0</param></type><scenario><atom type="video">@Лоза Плот (Сжатый).mp4</atom></scenario><right><answer>Браво!</answer></right></question><question price="600"><info><comments>Ненси - Дым сигарет с ментолом</comments></info><type name="cat"><param name="theme"></param><param name="cost">0</param></type><scenario><atom type="video">@Ненси - Дым сигарет с ментолом(сжатый) .mp4</atom></scenario><right><answer>Браво!</answer></right></question><question price="600"><scenario><atom>На значке КС ГО можно увидеть спецназовца, который в руках держит именно это оружие, которого нет в игре, что за оружие </atom></scenario><right><answer>SCAR - 17</answer></right></question><question price="600"><info><authors><author>Кино кукушка</author></authors><comments>Кино - Кукушка</comments></info><type name="cat"><param name="theme"></param><param name="cost">0</param></type><scenario><atom type="video">@Цой - Кукушка(сжатый).mp4</atom></scenario><right><answer>Отлично!</answer></right></question></questions></theme></themes></round><round name="3-й раунд"><themes><theme name="Кино-ники"><info><comments>В постерах фильмов зашифрованы никнеймы игроков, сказать ник</comments></info><questions><question price="300"><scenario><atom type="image">@Fallen (вопрос ).jpg</atom><atom type="marker"></atom><atom type="image">@Fallen (ответ).jpg</atom></scenario><right><answer>Fallen</answer></right></question><question price="600"><scenario><atom type="image">@frozen.jpg</atom><atom type="marker"></atom><atom type="image">@frozen (ответ) .jpg</atom></scenario><right><answer>Frozen</answer></right></question><question price="900"><scenario><atom type="image">@Seized.jpg</atom><atom type="marker"></atom><atom type="image">@Seized (ответ).jpg</atom></scenario><right><answer>Seized</answer></right></question><question price="1200"><scenario><atom type="image">@Facecrack.jpg</atom></scenario><right><answer>Facecrack (в ориг Scarface, но так тоже прикольно)</answer></right></question><question price="1500"><scenario><atom type="image">@Zywoo ( с Польского).jpg</atom></scenario><right><answer>ZyWoo (с Польского - Жить) </answer></right></question></questions></theme><theme name="Ачивапчичи"><info><comments>Название ачивки либо за что она дается</comments></info><questions><question price="300"><scenario><atom type="image">@Узкий кругозор.png</atom></scenario><right><answer>Узкий кругозор - Убейте ножом снайпера, использующего оптический прицел </answer></right></question><question price="600"><type name="cat"><param name="theme"></param><param name="cost">0</param></type><scenario><atom type="image">@Богатей.png</atom></scenario><right><answer>Богатей - Отдайте товарищам по команде 100 единиц оружия</answer></right></question><question price="900"><scenario><atom type="image">@Мёртвый пастух.png</atom></scenario><right><answer>Мертвый пастух - Убейте игрока, который несёт заложника</answer></right></question><question price="1200"><scenario><atom type="image">@Смерть с небес.png</atom></scenario><right><answer>Смерть с небес - Убейте врага, находясь в воздухе </answer></right></question><question price="1500"><scenario><atom type="image">@Волшебная пуля.png</atom></scenario><right><answer>Волшебная пуля - Убейте врага последним патроном в обойме (но не из снайперской винтовки или Zeus x27) </answer></right></question></questions></theme><theme name="Ссылочки отсылочки"><questions><question price="300"><scenario><atom> На одной из карт есть табличка с надписью «Залазить на перила запрещено!», её добавили в игру после громкого скандала в матче Fnatic vs LDLC. Назовите карту </atom></scenario><right><answer>Overpass</answer></right></question><question price="600"><scenario><atom> На одной из карт есть табличка с надписью «VIA Adamo», что переводится как «Улица Адама», назовите в честь какого игрока сделали табличку </atom></scenario><right><answer>Friberg</answer></right></question><question price="900"><scenario><atom>На одной из карт есть отсылка на разработчика игры, которого зовут Мин «Gooseman» Ли. Назовите карту</atom></scenario><right><answer>Dust 2</answer></right></question><question price="1200"><scenario><atom> На одной из карт есть радиоприемник, в котором звучит низкий голос одного господина, известного всем игрокам в CS GO. Назовите его</atom></scenario><right><answer>Gabe Newell </answer></right></question><question price="1500"><scenario><atom>Назовите 2 карты из CS GO, на которых есть изображения дракона, отсылающая нас на легендарный скин Dragon Lore</atom></scenario><right><answer>Сobblestone и Overpass</answer></right></question></questions></theme><theme name="KEKW в чат"><questions><question price="300"><scenario><atom type="voice">@Сеня.mp3</atom></scenario><right><answer>ceh9</answer></right></question><question price="600"><scenario><atom type="voice">@Слем.mp3</atom></scenario><right><answer>sl4m</answer></right></question><question price="900"><scenario><atom type="voice">@Симпл 2.mp3</atom></scenario><right><answer>simple</answer></right></question><question price="1200"><scenario><atom type="voice">@Каспер.mp3</atom></scenario><right><answer>CaspeRRR</answer></right></question><question price="1500"><scenario><atom type="voice">@Зевс.mp3</atom></scenario><right><answer>Zeus</answer></right></question></questions></theme><theme name="Вопросы от зрителей"><questions><question price="300"><scenario><atom>Из какой компьютерной игры взята бОльшая часть моделей CS GO </atom></scenario><right><answer>Left 4 Dead 2</answer></right></question><question price="600"><scenario><atom> Какое возрастное ограничение поставили в  PEGI для CS GO </atom></scenario><right><answer>18+</answer></right></question><question price="900"><scenario><atom>Данная монета была добавлена 22 августа 2013 года и присуждена всем игрокам, которые были членами сообщества Counter-Strike в течение ЭТОГО времени</atom></scenario><right><answer>5 лет</answer></right></question><question price="1200"><type name="auction" /><scenario><atom>Единственный киберспортсмен, в инвентаре которого нет ни одного ножа </atom><atom type="marker"></atom><atom type="image">@Flusha.jpg</atom></scenario><right><answer>Flusha</answer></right></question><question price="1500"><scenario><atom>Какое количество достижений в CS GO</atom></scenario><right><answer>167</answer></right></question></questions></theme><theme name="Петрики от Фишика"><info><comments>Описания некоторых тактических инструментов, вам нужно назвать как называется некое движение</comments></info><questions><question price="300"><scenario><atom>Выстрел, который производится до того, как был замечен соперник и попал на прицел. </atom></scenario><right><answer>pre-fire / префайр</answer></right></question><question price="600"><scenario><atom>Это вид выстрела, когда игрок нацелившись в одну точку, резко переводит прицел на противника и резким выстрелом убивает его.</atom></scenario><right><answer>flick shot / фликшот</answer></right></question><question price="900"><scenario><atom>Позиция, которая находится на пересечении дефолтных позиций, и призвана застать противника в движении.</atom></scenario><right><answer>off-angle / оффэнгл</answer></right></question><question price="1200"><scenario><atom>Выход на позицию для стрельбы с одновременным приседанием модельки игрока.</atom></scenario><right><answer>crouch peek / крауч пик</answer></right></question><question price="1500"><scenario><atom>Этот прием применяется на картах с лестницами, когда один игрок находится на другом, и они  одновременно падают вниз с лестницы. Причем нижний игрок смотрит строго вниз и находится спиной к предполагаемому врагу, а верхний старается перестрелять контролирующего.</atom></scenario><right><answer>Jopniy peek / жопный пик</answer></right></question></questions></theme></themes></round><round name="ФИНАЛ" type="final"><themes><theme name="Финальный вопрос"><questions><question price="0"><scenario><atom>Легендарная личность из мира КС, на ютубе есть знаменитый фрагмувик с его участием под песню группы System Of A Down «Aerials», который вышел 9 лет назад. Также у него есть свой ютуб канал, последнее видео на нем вышло 7 лет назад и это было интервью. Плотно увлекается настольным теннисом. Одна из команд, в которой он играл - M19;  Хорошо известен в кругах лифтеров. Назовите под каким ником играл этот персонаж (За имя и фамилию - дабл респект!)</atom></scenario><right><answer>Евгений "400kg" Гапченко</answer></right></question></questions></theme></themes></round></rounds></package>